symbol,market,cname,ename
UAL,UW,聯合航空控股公司,UNITED AIRLINES HOLDINGS INC
CSX,UW,CSX Corp,CSX CORP
COIN,UW,比特幣基地全球公司,COINBASE GLOBAL INC -CLASS A
NFLX,UW,網飛公司,NETFLIX INC
ASML,UW,艾司摩爾控股公司,ASML HOLDING NV-NY REG SHS
ARM,UW,安謀控股公開有限公司,ARM HOLDINGS PLC-ADR
ERIC,UW,愛立信集團,ERICSSON (LM) TEL-SP ADR
ISRG,UW,直覺外科公司,INTUITIVE SURGICAL INC
CDNS,UW,Cadence設計系統公司,CADENCE DESIGN SYS INC
BIIB,UW,百健公司,BIOGEN INC
SMCI,UW,超微電腦公司,SUPER MICRO COMPUTER INC
MLCO,UW,新濠博亞娛樂有限公司,MELCO RESORTS & ENTERT-ADR
META,UW,Meta平台公司,META PLATFORMS INC-CLASS A
TXN,UW,德州儀器公司,TEXAS INSTRUMENTS INC
EBAY,UW,電子灣拍賣網站公司,EBAY INC
LRCX,UW,科林研發股份有限公司,LAM RESEARCH CORP
NDAQ,UW,那斯達克有限公司,NASDAQ INC
PYPL,UW,Paypal控股有限公司,PAYPAL HOLDINGS INC
TSLA,UW,特斯拉公司,TESLA INC
VRTX,UW,福泰製藥公司,VERTEX PHARMACEUTICALS INC
MSFT,UW,微軟,MICROSOFT CORP
MSTR,UW,微策略公司,MICROSTRATEGY INC-CL A
ALGN,UW,艾利科技公司,ALIGN TECHNOLOGY INC
AMZN,UW,亞馬遜公司,AMAZON.COM INC
CMCSA,UW,康卡斯特公司,COMCAST CORP-CLASS A
FSLR,UW,第一太陽能,FIRST SOLAR INC
GILD,UW,吉利德科學公司,GILEAD SCIENCES INC
ILMN,UW,伊魯米納公司,ILLUMINA INC
INTC,UW,英特爾,INTEL CORP
TMUS,UW,T-Mobile美國公司,T-MOBILE US INC
GT,UW,固特異輪胎公司,GOODYEAR TIRE & RUBBER CO
CHKP,UW,Check Point軟體技術有限公司,CHECK POINT SOFTWARE TECH
GOOG,UW,Alphabet公司,ALPHABET INC-CL C
GOOGL,UW,Alphabet公司,ALPHABET INC-CL A
WBA,UW,沃博聯公司,WALGREENS BOOTS ALLIANCE INC
AMD,UW,超微半導體公司,ADVANCED MICRO DEVICES
AMGN,UW,安進公司,AMGEN INC
BIDU,UW,百度集團股份有限公司,BAIDU INC - SPON ADR
CHRW,UW,羅賓昇國際聯運股份有限公司,C.H. ROBINSON WORLDWIDE INC
EA,UW,美商藝電公司,ELECTRONIC ARTS INC
INCY,UW,英賽德公司,INCYTE CORP
AAPL,UW,蘋果公司,APPLE INC
APA,UW,阿帕奇公司,APA CORP
CME,UW,芝加哥商品期貨交易所集團,CME GROUP INC
CRTO,UW,科韜有限責任公司,CRITEO SA-SPON ADR
CTSH,UW,高知特科技公司,COGNIZANT TECH SOLUTIONS-A
EQIX,UW,Equinix公司,EQUINIX INC
MAT,UW,美泰兒公司,MATTEL INC
MDLZ,UW,億滋國際,MONDELEZ INTERNATIONAL INC-A
SBUX,UW,星巴克,STARBUCKS CORP
SFM,UW,豆芽農夫市場公司,SPROUTS FARMERS MARKET INC
WYNN,UW,永利度假村有限公司,WYNN RESORTS LTD
EXC,UW,愛克斯龍公司,EXELON CORP
KHC,UW,卡夫亨氏公司,KRAFT HEINZ CO/THE
STX,UW,希捷科技控股公開有限公司,SEAGATE TECHNOLOGY HOLDINGS
CSIQ,UW,阿斯特陽光電力,CANADIAN SOLAR INC
VOD,UW,沃達豐集團公開有限公司,VODAFONE GROUP PLC-SP ADR
CSCO,UW,思科,CISCO SYSTEMS INC
AMAT,UW,應用材料,APPLIED MATERIALS INC
JD,UW,京東集團股份有限公司,JD.COM INC-ADR
NVDA,UW,輝達,NVIDIA CORP
ADI,UW,亞德諾公司,ANALOG DEVICES INC
PDD,UW,拼多多控股公司,PDD HOLDINGS INC
MAR,UW,萬豪國際集團(馬里蘭),MARRIOTT INTERNATIONAL -CL A
FOSL,UW,富思集團公司,FOSSIL GROUP INC
GLNG,UW,Golar液態天然氣有限公司,GOLAR LNG LTD
REGN,UW,Regeneron Pharmaceuticals In,REGENERON PHARMACEUTICALS
EXPE,UW,智遊網集團公司,EXPEDIA GROUP INC
FOXA,UW,福斯公司,FOX CORP - CLASS A
NTES,UW,網易股份有限公司,NETEASE INC-ADR
QCOM,UW,高通公司,QUALCOMM INC
TRIP,UW,貓途鷹公司,TRIPADVISOR INC
BKNG,UW,繽客控股公司,BOOKING HOLDINGS INC
GPRO,UW,GoPro公司,GOPRO INC-CLASS A
SWKS,UW,思佳訊半導體有限公司,SKYWORKS SOLUTIONS INC
LI,UW,理想汽車,LI AUTO INC - ADR
ADBE,UW,奧多比系統公司,ADOBE INC
COST,UW,好市多公司,COSTCO WHOLESALE CORP
MU,UW,美光科技公司,MICRON TECHNOLOGY INC
WDAY,UW,Workday公司,WORKDAY INC-CLASS A
TCOM,UW,攜程集團有限公司,TRIP.COM GROUP LTD-ADR
AVGO,UW,博通公司,BROADCOM INC
ON,UW,安森美半導體,ON SEMICONDUCTOR
MRVL,UW,Marvell Technology Inc,MARVELL TECHNOLOGY INC
ULTA,UW,猶他美容公司,ULTA BEAUTY INC
PEP,UW,百事可樂公司,PEPSICO INC
CHTR,UW,特許通訊公司,CHARTER COMMUNICATIONS INC-A
RYAAY,UW,瑞安航空控股公開有限公司,RYANAIR HOLDINGS PLC-SP ADR
IRBT,UW,iRobot公司,IROBOT CORP
BYND,UW,超越肉類公司,BEYOND MEAT INC
IQ,UW,愛奇藝公司,IQIYI INC-ADR
ZM,UW,Zoom通訊有限公司,ZOOM COMMUNICATIONS INC
LULU,UW,露露檸檬公司,LULULEMON ATHLETICA INC
DOCU,UW,DocuSign公司,DOCUSIGN INC
OKTA,UW,Okta公司,OKTA INC
ZS,UW,Zscaler公司,ZSCALER INC
BNTX,UW,BioNTec公司,BIONTECH SE-ADR
DXCM,UW,德康醫療公司,DEXCOM INC
PTON,UW,派樂騰健康科技公司,PELOTON INTERACTIVE INC-A
LYFT,UW,來福車公司,LYFT INC-A
SNPS,UW,新思科技公司,SYNOPSYS INC
MRNA,UW,莫德納公司,MODERNA INC
CRWD,UW,Crowdstrike控股公司,CROWDSTRIKE HOLDINGS INC - A
MELI,UW,美卡多公司,MERCADOLIBRE INC
KLAC,UW,科磊公司,KLA CORP
BILI,UW,嗶哩嗶哩股份有限公司,BILIBILI INC-SPONSORED ADR
REAL,UW,RealReal公司,REALREAL INC/THE
DLTR,UW,錢樹商店公司,DOLLAR TREE INC
ROKU,UW,Roku公司,ROKU INC
SEDG,UW,所樂太陽能科技,SOLAREDGE TECHNOLOGIES INC
TLRY,UW,Tilray品牌公司,TILRAY BRANDS INC
PLUG,UR,普拉格能源公司,PLUG POWER INC
AAXJ,UQ,iShares MSCI亞洲(除日本)ETF,ISHARES MSCI ALL COUNTRY ASI
ACWI,UQ,iShares MSCI ACWI ETF,ISHARES MSCI ACWI ETF
DVY,UQ,iShares安碩精選高股利ETF,ISHARES SELECT DIVIDEND ETF
EEMA,UQ,iShares安碩MSCI新興亞洲交易,ISHARES MSCI EMERG MRKT ASIA
EMB,UQ,iShares安碩摩根大通美元新興,ISHARES JP MORGAN USD EMERGI
EUFN,UQ,iShares MSCI歐洲金融ETF,ISHARES MSCI EUROPE FINANCIA
IBB,UQ,iShares安碩生技交易所交易基,ISHARES BIOTECHNOLOGY ETF
IEF,UQ,iShares安碩7-10年公債ETF,ISHARES 7-10 YEAR TREASURY B
IEI,UQ,iShares安碩3-7年公債ETF,ISHARES 3-7 YEAR TREASURY BO
MCHI,UQ,iShares安碩MSCI中國ETF,ISHARES MSCI CHINA ETF
QQQ,UQ,景順QQQ信託系列1,INVESCO QQQ TRUST SERIES 1
SHY,UQ,iShares安碩1-3年公債ETF,ISHARES 1-3 YEAR TREASURY BO
SLQD,UQ,iShares安碩0-5年投資等級公司,ISHARES 0-5 YR INV GRD CORP
SMH,UQ,VanEck半導體ETF,VANECK SEMICONDUCTOR ETF
TLT,UQ,iShares安碩20年以上公債ETF,ISHARES 20+ YEAR TREASURY BD
VCSH,UQ,領航短期公司債ETF,VANGUARD S/T CORP BOND ETF
VONE,UQ,Vanguard Russell 1000,VANGUARD RUSSELL 1000
VTHR,UQ,Vanguard Russell 3000,VANGUARD RUSSELL 3000
VTWO,UQ,先鋒羅素2000指數ETF,VANGUARD RUSSELL 2000 ETF
CRSP,UQ,CRISPR治療公司,CRISPR THERAPEUTICS AG
SOXX,UQ,iShares安碩半導體交易所交易,ISHARES SEMICONDUCTOR ETF
ENPH,UQ,Enphase能源公司,ENPHASE ENERGY INC
AGG,UP,iShares安碩核心美國綜合債券E,ISHARES CORE U.S. AGGREGATE
ASHR,UP,Xtrackers Harvest滬深300中國,XTRACKERS HARVEST CSI 300 CH
CGW,UP,Invesco S&P Global Water Ind,INVESCO S&P GLOBAL WATER IND
DBJP,UP,Xtrackers MSCI日本避險股票ET,XTRACKERS MSCI JAPAN HEDGED
DVYE,UP,iShares安碩新興市場高股利ETF,ISHARES EMERGING MARKETS DIV
EEM,UP,iShares MSCI新興市場ETF,ISHARES MSCI EMERGING MARKET
EIDO,UP,iShares安碩MSCI印尼交易所交,ISHARES MSCI INDONESIA ETF
EWA,UP,iShares MSCI澳洲ETF,ISHARES MSCI AUSTRALIA ETF
EWC,UP,iShares MSCI加拿大ETF,ISHARES MSCI CANADA ETF
EWG,UP,iShares MSCI德國ETF,ISHARES MSCI GERMANY ETF
EWJ,UP,iShares MSCI日本ETF,ISHARES MSCI JAPAN ETF
EWM,UP,iShares MSCI馬來西亞ETF,ISHARES MSCI MALAYSIA ETF
EWP,UP,iShares MSCI西班牙上限ETF,ISHARES MSCI SPAIN ETF
EWS,UP,iShares安碩MSCI新加坡ETF,ISHARES MSCI SINGAPORE ETF
EWT,UP,iShares安碩MSCI台灣ETF,ISHARES MSCI TAIWAN ETF
EWW,UP,iShares安碩MSCI墨西哥ETF,ISHARES MSCI MEXICO ETF
EWZ,UP,iShares安碩MSCI巴西ETF,ISHARES MSCI BRAZIL ETF
FEZ,UP,思柏達歐盟STOXX 50 ETF,SPDR EURO STOXX 50 ETF
FXI,UP,iShares中國大型股ETF,ISHARES CHINA LARGE-CAP ETF
GDX,UP,VanEck黃金礦業交易所交易基金,VANECK GOLD MINERS ETF
GDXJ,UP,VanEck小型黃金礦業ETF,VANECK JUNIOR GOLD MINERS
GLD,UP,SPDR金ETF,SPDR GOLD SHARES
HEWJ,UP,iShares貨幣避險MSCI日本ETF,ISHA CURR HEDGED MSCI JAPAN
HYG,UP,iShares安碩iBoxx高收益公司債,ISHARES IBOXX HIGH YLD CORP
IEMG,UP,iShares核心MSCI新興市場ETF,ISHARES CORE MSCI EMERGING
IJH,UP,iShares安碩核心標普中型股ETF,ISHARES CORE S&P MIDCAP ETF
IJR,UP,iShares安碩核心標普小型股ETF,ISHARES CORE S&P SMALL-CAP E
IOO,UP,iShares全球100 ETF,ISHARES GLOBAL 100 ETF
IVV,UP,iShares安碩核心標普500 ETF,ISHARES CORE S&P 500 ETF
IWM,UP,iShares安碩羅素2000交易所交,ISHARES RUSSELL 2000 ETF
IWV,UP,iShares安碩羅素3000 ETF,ISHARES RUSSELL 3000 ETF
KBE,UP,SPDR標普銀行ETF,SPDR S&P BANK ETF
LQD,UP,iSharesiBoxx$投資級公司債ETF,ISHARES IBOXX INVESTMENT GRA
MDY,UP,SPDR標普中型股400ETF信託,SPDR S&P MIDCAP 400 ETF TRST
OIH,UP,VanEck石油服務ETF,VANECK OIL SERVICES ETF
RWO,UP,SPDR道瓊全球不動產ETF,SPDR DJ GLOBAL REAL ESTATE E
SLV,UP,iShares白銀信託,ISHARES SILVER TRUST
SPIB,UP,SPDR投資組合中期公司債券ETF,SPDR PORT INT CORP BOND ETF
SPTL,UP,SPDR投資組合長期公債ETF,SPDR PORT LNG TRM TRSRY
SPY,UP,SPDR標普500交易所交易基金信,SPDR S&P 500 ETF TRUST
TIP,UP,iShares安碩抗通膨債券ETF,ISHARES TIPS BOND ETF
URTH,UP,iShares MSCI全球ETF,ISHARES MSCI WORLD ETF
VIOO,UP,Vanguard S&P Small-Cap 600 E,VANGUARD S&P SMALL-CAP 600 E
VNQ,UP,領航不動產ETF,VANGUARD REAL ESTATE ETF
VOO,UP,先鋒標普500ETF,VANGUARD S&P 500 ETF
VYM,UP,領航高股利收益ETF,VANGUARD HIGH DVD YIELD ETF
XBI,UP,SPDR標普生技ETF,SPDR S&P BIOTECH ETF
XLE,UP,能源精選行業SPDR基金,ENERGY SELECT SECTOR SPDR
XLF,UP,思柏達金融指數基金,FINANCIAL SELECT SECTOR SPDR
XLK,UP,思柏達科技指數基金,TECHNOLOGY SELECT SECT SPDR
XLU,UP,SPDR公用事業精選行業基金,UTILITIES SELECT SECTOR SPDR
XLV,UP,思柏達健康護理指數基金,HEALTH CARE SELECT SECTOR
XME,UP,SPDR標普金屬與礦產業ETF,SPDR S&P METALS & MINING ETF
XOP,UP,SPDR標普油氣開採及生產ETF,SPDR S&P OIL & GAS EXP & PR
DIA,UP,SPDR道瓊工業平均ETF信託,SPDR DJIA TRUST
SOXX,UP,iShares安碩半導體交易所交易,ISHARES SEMICONDUCTOR ETF
KRE,UP,SPDR標普地區性銀行ETF,SPDR S&P REGIONAL BANKING
NXPI,UP,恩智浦半導體股份有限公司,NXP SEMICONDUCTORS NV
ARKK,UP,ARK新興主動型ETF,ARK INNOVATION ETF
IHI,UP,iShares安碩美國醫療設備ETF,ISHARES U.S. MEDICAL DEVICES
XPEV,UN,小鵬汽車有限公司,XPENG INC - ADR
SRG,UN,Seritage成長不動產,SERITAGE GROWTH PROP- A
INFY,UN,印福思股份有限公司,INFOSYS LTD-SP ADR
C,UN,花旗集團,CITIGROUP INC
DAL,UN,達美航空,DELTA AIR LINES INC
JPM,UN,摩根大通銀行,JPMORGAN CHASE & CO
UNH,UN,聯合健康集團公司,UNITEDHEALTH GROUP INC
BAC,UN,美國銀行,BANK OF AMERICA CORP
BK,UN,紐約梅隆銀行,BANK OF NEW YORK MELLON CORP
BLK,UN,貝萊德公司,BLACKROCK INC
GS,UN,高盛集團,GOLDMAN SACHS GROUP INC
KMI,UN,金德摩根公司(德拉瓦州),KINDER MORGAN INC
SCHW,UN,嘉信理財公司,SCHWAB (CHARLES) CORP
USB,UN,美國合眾銀行,US BANCORP
AA,UN,美國鋁業公司,ALCOA CORP
STZ,UN,星座品牌公司,CONSTELLATION BRANDS INC-A
IBM,UN,國際商業機器公司,INTL BUSINESS MACHINES CORP
JNJ,UN,嬌生公司,JOHNSON & JOHNSON
WFC,UN,富國銀行,WELLS FARGO & CO
ABT,UN,亞培,ABBOTT LABORATORIES
LEN,UN,萊納房屋公司,LENNAR CORP-A
HON,UN,漢威聯合國際公司,HONEYWELL INTERNATIONAL INC
MS,UN,摩根士丹利,MORGAN STANLEY
PM,UN,菲利浦莫里斯國際公司,PHILIP MORRIS INTERNATIONAL
TSM,UN,台灣積體電路製造股份有限公司,TAIWAN SEMICONDUCTOR-SP ADR
UNP,UN,聯合太平洋公司,UNION PACIFIC CORP
AXP,UN,美國運通,AMERICAN EXPRESS CO
KO,UN,可口可樂公司,COCA-COLA CO/THE
MAN,UN,萬寶華,MANPOWERGROUP INC
SLB,UN,斯倫貝謝公眾有限公司,SCHLUMBERGER LTD
STT,UN,道富銀行,STATE STREET CORP
SYF,UN,同步金融,SYNCHRONY FINANCIAL
HAL,UN,哈里伯頓公司,HALLIBURTON CO
EDU,UN,新東方教育科技集團,NEW ORIENTAL EDUCATIO-SP ADR
EQR,UN,公平住屋公司,EQUITY RESIDENTIAL
KMB,UN,金百利克拉克,KIMBERLY-CLARK CORP
LMT,UN,洛克希德馬丁,LOCKHEED MARTIN CORP
MCD,UN,麥當勞公司,MCDONALD'S CORP
NUE,UN,諾可公司,NUCOR CORP
PG,UN,寶僑公司,PROCTER & GAMBLE CO/THE
SKX,UN,美商思凱捷股份有限公司,SKECHERS USA INC-CL A
SNAP,UN,Snap公司,SNAP INC - A
TRV,UN,旅行者保險公司,TRAVELERS COS INC/THE
UPS,UN,聯合包裹服務公司,UNITED PARCEL SERVICE-CL B
APH,UN,安費諾,AMPHENOL CORP-CL A
BA,UN,波音公司,BOEING CO/THE
BSX,UN,波士頓科學公司,BOSTON SCIENTIFIC CORP
BX,UN,黑石公司,BLACKSTONE INC
CAT,UN,卡特彼勒公司,CATERPILLAR INC
CLF,UN,克里夫蘭克里夫公司,CLEVELAND-CLIFFS INC
CMG,UN,奇波雷墨西哥燒烤公司,CHIPOTLE MEXICAN GRILL INC
EW,UN,愛德華生命科學,EDWARDS LIFESCIENCES CORP
FCX,UN,自由港麥克莫蘭銅金公司,FREEPORT-MCMORAN INC
HLT,UN,希爾頓全球控股公司,HILTON WORLDWIDE HOLDINGS IN
HRI,UN,赫克控股公司,HERC HOLDINGS INC
IVZ,UN,景順有限公司,INVESCO LTD
LLY,UN,禮來公司,ELI LILLY & CO
LVS,UN,拉斯維加斯金沙集團,LAS VEGAS SANDS CORP
NSC,UN,諾福克南方公司,NORFOLK SOUTHERN CORP
TMO,UN,賽默飛世爾科技有限公司,THERMO FISHER SCIENTIFIC INC
WM,UN,廢棄物管理,WASTE MANAGEMENT INC
AEP,UN,美國電力公司,AMERICAN ELECTRIC POWER
BAX,UN,百特醫療產品有限公司,BAXTER INTERNATIONAL INC
CX,UN,西麥斯,CEMEX SAB-SPONS ADR PART CER
DHR,UN,丹納赫集團,DANAHER CORP
DOW,UN,陶氏,DOW INC
F,UN,福特汽車公司,FORD MOTOR CO
JNPR,UN,瞻博網路,JUNIPER NETWORKS INC
LUV,UN,西南航空,SOUTHWEST AIRLINES CO
MMM,UN,3M,3M CO
NOC,UN,諾斯洛普格拉曼,NORTHROP GRUMMAN CORP
NOK,UN,諾基亞,NOKIA CORP-SPON ADR
PAC,UN,Grupo Aeroportuario del Paci,GRUPO AEROPORTUARIO PAC-ADR
PBR,UN,巴西石油公司,PETROLEO BRASILEIRO-SPON ADR
PCG,UN,太平洋電力瓦斯公司,P G & E CORP
TAL,UN,好未來教育集團,TAL EDUCATION GROUP- ADR
TV,UN,特萊維薩集團公司,GRUPO TELEVISA SA-SPON ADR
V,UN,威士卡,VISA INC-CLASS A SHARES
VALE,UN,淡水河谷,VALE SA-SP ADR
VLO,UN,瓦勒羅能源,VALERO ENERGY CORP
ABEV,UN,Ambev SA,AMBEV SA-ADR
BCS,UN,巴克萊集團,BARCLAYS PLC-SPONS ADR
COF,UN,第一資本金融公司,CAPITAL ONE FINANCIAL CORP
ITW,UN,伊利諾工具公司,ILLINOIS TOOL WORKS
KOF,UN,可口可樂芬沙公司,COCA-COLA FEMSA SAB-SP ADR
PSX,UN,菲利普66,PHILLIPS 66
VFC,UN,VF公司,VF CORP
VZ,UN,威瑞森電信公司,VERIZON COMMUNICATIONS INC
IBN,UN,印度工業信貸投資銀行,ICICI BANK LTD-SPON ADR
FMX,UN,Fomento Economico Mexicano S,FOMENTO ECONOMICO MEX-SP ADR
HSBC,UN,匯豐控股有限公司,HSBC HOLDINGS PLC-SPONS ADR
NOV,UN,國民油井華高公司,NOV INC
SPOT,UN,聲破天科技有限責任公司,SPOTIFY TECHNOLOGY SA
T,UN,AT&T公司,AT&T INC
VNO,UN,維納多不動產信託公司,VORNADO REALTY TRUST
WELL,UN,威爾塔公司,WELLTOWER INC
WOLF,UN,Wolfspeed公司,WOLFSPEED INC
BP,UN,BP公開有限公司,BP PLC-SPONS ADR
COP,UN,康菲石油,CONOCOPHILLIPS
ETN,UN,伊頓公開有限公司,EATON CORP PLC
GLW,UN,康寧公司,CORNING INC
GM,UN,通用汽車公司,GENERAL MOTORS CO
GNW,UN,簡沃瑟金融公司,GENWORTH FINANCIAL INC
HLF,UN,賀寶芙有限公司,HERBALIFE LTD
K,UN,家樂氏,KELLANOVA
MA,UN,萬事達卡,MASTERCARD INC - A
MRK,UN,默克藥廠,MERCK & CO. INC.
PFE,UN,輝瑞大藥廠股份有限公司,PFIZER INC
PSA,UN,公共存儲公司,PUBLIC STORAGE
SYK,UN,史賽克,STRYKER CORP
TPR,UN,掛毯公司,TAPESTRY INC
VMC,UN,瓦爾坎材料公司,VULCAN MATERIALS CO
HCA,UN,HCA醫療保健公司,HCA HEALTHCARE INC
ALL,UN,好事達保險公司,ALLSTATE CORP
BABA,UN,阿里巴巴集團控股有限公司,ALIBABA GROUP HOLDING-SP ADR
BKR,UN,貝克休斯公司,BAKER HUGHES CO
CF,UN,CF工業控股公司,CF INDUSTRIES HOLDINGS INC
DDD,UN,3D系統公司,3D SYSTEMS CORP
ETR,UN,安特吉公司,ENTERGY CORP
GE,UN,奇異公司,GENERAL ELECTRIC
H,UN,凱悅酒店集團,HYATT HOTELS CORP - CL A
HES,UN,赫斯公司,HESS CORP
MCK,UN,麥卡遜,MCKESSON CORP
MET,UN,大都會人壽,METLIFE INC
MGM,UN,美高梅度假村國際,MGM RESORTS INTERNATIONAL
NE,UN,Noble公開有限公司,NOBLE CORP PLC
RSG,UN,共和服務公司,REPUBLIC SERVICES INC
SO,UN,南方公司,SOUTHERN CO/THE
SPG,UN,賽門物業集團,SIMON PROPERTY GROUP INC
YUM,UN,百勝餐飲,YUM! BRANDS INC
YUMC,UN,百勝中國控股有限公司,YUM CHINA HOLDINGS INC
ADM,UN,Archer-Daniels-Midland Co,ARCHER-DANIELS-MIDLAND CO
AIG,UN,美國國際集團,AMERICAN INTERNATIONAL GROUP
AMT,UN,美國電塔,AMERICAN TOWER CORP
BBD,UN,Banco Bradesco SA,BANCO BRADESCO-ADR
BMY,UN,必治妥施貴寶公司,BRISTOL-MYERS SQUIBB CO
BWA,UN,博格華納,BORGWARNER INC
CI,UN,信諾集團,THE CIGNA GROUP
DD,UN,新杜邦公司,DUPONT DE NEMOURS INC
EL,UN,雅詩蘭黛,ESTEE LAUDER COMPANIES-CL A
FLR,UN,福陸公司,FLUOR CORP
ICE,UN,洲際交易所,INTERCONTINENTAL EXCHANGE IN
MO,UN,高特利集團,ALTRIA GROUP INC
MUR,UN,墨菲石油公司,MURPHY OIL CORP
XYL,UN,Xylem公司,XYLEM INC
ABBV,UN,艾伯維公司,ABBVIE INC
CL,UN,高露潔-棕欖公司,COLGATE-PALMOLIVE CO
CVX,UN,雪佛龍公司,CHEVRON CORP
D,UN,道明尼能源公司,DOMINION ENERGY INC
RDY,UN,瑞迪博士有限公司,DR. REDDY'S LABORATORIES-ADR
WU,UN,西聯匯款公司,WESTERN UNION CO
XOM,UN,埃克森美孚公司,EXXON MOBIL CORP
VIPS,UN,唯品會控股有限公司,VIPSHOP HOLDINGS LTD - ADR
DHI,UN,D.R. Horton公司,DR HORTON INC
ERJ,UN,巴西航空工業公司,EMBRAER SA-SPON ADR
LIN,UN,林德公開有限公司,LINDE PLC
TSN,UN,泰森食品,TYSON FOODS INC-CL A
WMT,UN,沃爾瑪公司,WALMART INC
HD,UN,家得寶公司,HOME DEPOT INC
KSS,UN,柯爾公司,KOHLS CORP
MDT,UN,美敦力公司,MEDTRONIC PLC
TJX,UN,TJX公司,TJX COMPANIES INC
LB,UN,Landbridge Co LLC,LANDBRIDGE CO LLC-A
LOW,UN,羅威公司,LOWE'S COS INC
TGT,UN,目標百貨公司,TARGET CORP
M,UN,梅西百貨公司,MACY'S INC
QD,UN,趣店公司,QUDIAN INC-SPON ADR
BBY,UN,百思買公司,BEST BUY CO INC
ANF,UN,Abercrombie & Fitch公司,ABERCROMBIE & FITCH CO-CL A
CRM,UN,賽富時公司,SALESFORCE INC
DE,UN,迪爾,DEERE & CO
HPQ,UN,惠普公司,HP INC
PANW,UN,Palo Alto Networks Inc,PALO ALTO NETWORKS INC
PVH,UN,PVH公司,PVH CORP
BRK/A,UN,波克夏海瑟威公司,BERKSHIRE HATHAWAY INC-CL A
BRK/B,UN,波克夏海瑟威公司,BERKSHIRE HATHAWAY INC-CL B
HTZ,UN,赫茲全球控股公司,HERTZ GLOBAL HLDGS INC
ITUB,UN,伊塔烏聯合集團,ITAU UNIBANCO H-SPON PRF ADR
OXY,UN,西方石油,OCCIDENTAL PETROLEUM CORP
PRU,UN,保德信金融,PRUDENTIAL FINANCIAL INC
SYY,UN,西斯柯公司,SYSCO CORP
UA,UN,安德瑪公司,UNDER ARMOUR INC-CLASS C
UAA,UN,安德瑪公司,UNDER ARMOUR INC-CLASS A
BDX,UN,碧迪醫療器械有限公司,BECTON DICKINSON AND CO
DVN,UN,戴文能源,DEVON ENERGY CORP
EMR,UN,艾默生電氣,EMERSON ELECTRIC CO
MOS,UN,美盛公司,MOSAIC CO/THE
NEM,UN,紐蒙特公司,NEWMONT CORP
NUS,UN,如新企業公司,NU SKIN ENTERPRISES INC - A
VIV,UN,巴西電信有限責任公司,TELEFONICA BRASIL-ADR
ALB,UN,雅保公司,ALBEMARLE CORP
CVS,UN,CVS保健公司,CVS HEALTH CORP
ROK,UN,洛克威爾自動化公司,ROCKWELL AUTOMATION INC
SPR,UN,勢必銳航太有限公司,SPIRIT AEROSYSTEMS HOLD-CL A
ZTO,UN,中通快遞（開曼）有限公司,ZTO EXPRESS CAYMAN INC-ADR
APD,UN,氣體產品與化學,AIR PRODUCTS & CHEMICALS INC
DIS,UN,華特迪士尼公司,WALT DISNEY CO/THE
EOG,UN,依歐格資源,EOG RESOURCES INC
JCI,UN,江森自控國際公司,JOHNSON CONTROLS INTERNATION
RL,UN,雷夫羅倫公司,RALPH LAUREN CORP
TDC,UN,天睿資訊公司,TERADATA CORP
TEVA,UN,梯瓦製藥工業有限公司,TEVA PHARMACEUTICAL-SP ADR
TM,UN,豐田汽車公司,TOYOTA MOTOR CORP -SPON ADR
DUK,UN,杜克能源公司,DUKE ENERGY CORP
KR,UN,克羅格公司,KROGER CO
ORCL,UN,甲骨文公司,ORACLE CORP
FDX,UN,聯邦快遞公司,FEDEX CORP
ACN,UN,埃森哲有限公司,ACCENTURE PLC-CL A
CCL,UN,嘉年華公司,CARNIVAL CORP
GIS,UN,通用磨坊公司,GENERAL MILLS INC
NKE,UN,耐吉公司,NIKE INC -CL B
GWRE,UN,凱德維亞軟體公司,GUIDEWIRE SOFTWARE INC
GME,UN,遊戲驛站公司,GAMESTOP CORP-CLASS A
OMC,UN,奧姆尼康集團,OMNICOM GROUP
AMX,UN,美洲移動通訊公司,AMERICA MOVIL SAB DE CV
BHP,UN,必和必拓集團有限公司,BHP GROUP LTD-SPON ADR
AAL,UW,美國航空集團公司,AMERICAN AIRLINES GROUP INC
SU,UN,森科能源公司,SUNCOR ENERGY INC
DG,UN,達樂公司,DOLLAR GENERAL CORP
HDB,UN,HDFC Bank Ltd,HDFC BANK LTD-ADR
NOW,UN,ServiceNow公司,SERVICENOW INC
UBER,UN,優步科技公司,UBER TECHNOLOGIES INC
DB,UN,德意志銀行,DEUTSCHE BANK AG-REGISTERED
MCO,UN,穆迪,MOODY'S CORP
NIO,UN,蔚來集團,NIO INC - ADR
RACE,UN,法拉利公司,FERRARI NV
ATI,UN,ATI公司,ATI INC
SHOP,UN,Shopify公司,SHOPIFY INC - CLASS A
RH,UN,RH,RH
LMND,UN,Lemonade公司,LEMONADE INC
SHAK,UN,搖克夏公司,SHAKE SHACK INC - CLASS A
RTX,UN,雷神科技公司,RTX CORP
TDOC,UN,Teladoc公司,TELADOC HEALTH INC
SE,UN,海洋有限公司,SEA LTD-ADR
NEE,UN,新紀元能源公司,NEXTERA ENERGY INC
FIS,UN,富達全國資訊服務,FIDELITY NATIONAL INFO SERV
GPN,UN,環匯公司,GLOBAL PAYMENTS INC
PLD,UN,普洛斯,PROLOGIS INC
CTVA,UN,科迪華公司,CORTEVA INC
SNOW,UN,Snowflake公司,SNOWFLAKE INC-CLASS A
PHG,UN,皇家飛利浦公司,KONINKLIJKE PHILIPS NVR- NY
FSLY,UN,Fastly公司,FASTLY INC - CLASS A
CLX,UN,高樂氏公司,CLOROX COMPANY
PINS,UN,繽趣公司,PINTEREST INC- CLASS A
PLTR,UW,帕蘭提爾科技公司,PALANTIR TECHNOLOGIES INC-A
U,UN,Unity軟體公司,UNITY SOFTWARE INC
AMC,UN,AMC娛樂控股公司,AMC ENTERTAINMENT HLDS-CL A
NCLH,UN,挪威郵輪控股有限公司,NORWEGIAN CRUISE LINE HOLDIN
QS,UN,QuantumScape Corp,QUANTUMSCAPE CORP
IQV,UN,艾昆緯控股公司,IQVIA HOLDINGS INC
AWR,UN,美洲水力公司,AMERICAN STATES WATER CO
LYB,UN,利安德巴塞爾工業公司,LYONDELLBASELL INDU-CL A
BCC,UN,Boise Cascade公司,BOISE CASCADE CO
UMC,UN,聯華電子股份有限公司,UNITED MICROELECTRON-SP ADR
INDA,UF,iShares MSCI印度ETF,ISHARES MSCI INDIA ETF
MTUM,UF,iShares安碩MSCI美國動能因子,ISHARES MSCI USA MOMENTUM FA
QUAL,UF,iShares安碩MSCI美國優質因數,ISHARES MSCI USA QUALITY FAC
VLUE,UF,iShares安碩MSCI美國價值因子,ISHARES MSCI USA VALUE FACTO
VNM,UF,VanEck越南ETF,VANECK VIETNAM ETF
ARKG,UF,ARK基因組學革新多領域交易所,ARK GENOMIC REVOLUTION ETF
TISCO,TB,TISCO金融集團公開有限公司,TISCO FINANCIAL GROUP PCL
BAY,TB,大城銀行,BANK OF AYUDHYA PCL
BBL,TB,盤谷銀行,BANGKOK BANK PUBLIC CO LTD
KBANK,TB,開泰銀行（大眾）有限公司,KASIKORNBANK PCL
KKP,TB,丘細見博達樂銀行公眾有限公司,KIATNAKIN PHATRA BANK PCL
KTB,TB,泰京銀行大眾有限公司,KRUNG THAI BANK PUB CO LTD
SCB,TB,SCB X公眾有限公司,SCB X PCL
TCAP,TB,Thanachart資本公司,THANACHART CAPITAL PCL
HMPRO,TB,家用品中心公眾有限公司,HOME PRODUCT CENTER PCL
PTTEP,TB,PTT Exploration & Production,PTT EXPLOR & PROD PUBLIC CO
SCC,TB,皇象水泥有限公司,SIAM CEMENT PCL/THE
ADVANC,TB,泰國先進通訊服務公司,ADVANCED INFO SERVICE PCL
INTUCH,TB,Intouch Holdings PCL,INTOUCH HOLDINGS PCL
PTT,TB,PTT公眾有限公司,PTT PCL
BDMS,TB,曼谷杜斯特醫療服務公眾有限公,BANGKOK DUSIT MED SERVICE
CENTEL,TB,中央廣場飯店大眾有限公司,CENTRAL PLAZA HOTEL PCL
QH,TB,Quality Houses PCL,QUALITY HOUSES PUB CO LTD
TOA,TB,TOA Paint Thailand PCL,TOA PAINT THAILAND PCL
BCH,TB,泰國連鎖醫院公司,BANGKOK CHAIN HOSPITAL PCL
CPALL,TB,CP ALL PCL,CP ALL PCL
CPNREIT,TB,CPN Retail Growth Leasehold,CPN RETAIL GROWTH LEASEHOLD
LH,TB,Land & Houses公眾有限公司,LAND & HOUSES PUB CO LTD
MINT,TB,美諾國際公眾有限公司,MINOR INTERNATIONAL PCL
BJC,TB,Berli Jucker PCL,BERLI JUCKER PUBLIC CO LTD
CPF,TB,卜蜂食品公司,CHAROEN POKPHAND FOODS PUB
TRUE,TB,True Corp PCL,TRUE CORP PCL/NEW
BTS,TB,BTS Group Holdings PCL,BTS GROUP HOLDINGS PCL
CPN,TB,中央巴塔納公眾有限公司,CENTRAL PATTANA PUB CO LTD
AOT,TB,泰國機場公司,AIRPORTS OF THAILAND PCL
IRPC,TB,IRPC公眾有限公司,IRPC PCL
TU,TB,泰萬盛集團公眾有限公司,THAI UNION GROUP PCL
BH,TB,康民醫院公眾有限公司,BUMRUNGRAD HOSPITAL PCL
MTC,TB,Muangthai資本公眾有限公司,MUANGTHAI CAPITAL PCL
LPN,TB,LPN開發公眾有限公司,LPN DEVELOPMENT PCL
PTTGC,TB,泰國國家石油全球化學公眾有限,PTT GLOBAL CHEMICAL PCL
BEC,TB,BEC World PCL,BEC WORLD PUBLIC CO LTD
IVL,TB,銀都拉瑪投資公眾有限公司,INDORAMA VENTURES PCL
THAI,TB,泰國國際航空公司,THAI AIRWAYS INTERNATIONAL
TOP,TB,Thai Oil PCL,THAI OIL PCL
1321,JT,NEXT FUNDS日經255交易所交易,NF NIKKEI 225 ETF
1329,JT,ISHARES-日經225指數,ISHARES CORE NIKKEI 225 ETF
1364,JT,iShares安碩JPXNikkei 400 ETF,ISHARES JPX NIKKEI 400 ETF
3382,JT,7&I控股公司,SEVEN & I HOLDINGS CO LTD
3289,JT,東急不動產控股公司,TOKYU FUDOSAN HOLDINGS CORP
9983,JT,迅銷有限公司,FAST RETAILING CO LTD
8954,JT,歐力士JREIT公司,ORIX JREIT INC
6594,JT,日本電產公司,NIDEC CORP
6146,JT,Disco Corp,DISCO CORP
4063,JT,信越化學工業有限公司,SHIN-ETSU CHEMICAL CO LTD
6305,JT,日立建機有限公司,HITACHI CONSTRUCTION MACHINE
6954,JT,發那科公司,FANUC CORP
6988,JT,日東電工公司,NITTO DENKO CORP
7751,JT,佳能,CANON INC
8591,JT,歐力士公司,ORIX CORP
8001,JT,伊藤忠商事,ITOCHU CORP
8002,JT,丸紅股份有限公司,MARUBENI CORP
8031,JT,三井物產,MITSUI & CO LTD
8053,JT,住友商事,SUMITOMO CORP
8058,JT,三菱商事股份有限公司,MITSUBISHI CORP
8697,JT,日本交易所集團,JAPAN EXCHANGE GROUP INC
9020,JT,東日本旅客鐵道,EAST JAPAN RAILWAY CO
9503,JT,關西電力公司,KANSAI ELECTRIC POWER CO INC
5214,JT,日本電氣硝子有限公司,NIPPON ELECTRIC GLASS CO LTD
6645,JT,Omron Corp,OMRON CORP
6702,JT,富士通,FUJITSU LIMITED
7741,JT,豪雅股份有限公司,HOYA CORP
8604,JT,野村控股公司,NOMURA HOLDINGS INC
9532,JT,大阪瓦斯有限公司,OSAKA GAS CO LTD
1878,JT,大東建託有限公司,DAITO TRUST CONSTRUCT CO LTD
5201,JT,AGC公司,AGC INC
6301,JT,小松製作所,KOMATSU LTD
6501,JT,日立製作所有限公司,HITACHI LTD
6586,JT,牧田公司,MAKITA CORP
6758,JT,索尼,SONY GROUP CORP
6770,JT,阿爾卑斯阿爾派有限公司,ALPS ALPINE CO LTD
6857,JT,愛德萬測試,ADVANTEST CORP
7735,JT,斯克林集團有限公司,SCREEN HOLDINGS CO LTD
8601,JT,大和證券,DAIWA SECURITIES GROUP INC
9531,JT,東京瓦斯,TOKYO GAS CO LTD
2914,JT,日本煙草公司,JAPAN TOBACCO INC
4502,JT,武田藥品有限公司,TAKEDA PHARMACEUTICAL CO LTD
5332,JT,東陶機器,TOTO LTD
5333,JT,日本礙子有限公司,NGK INSULATORS LTD
5938,JT,驪住集團公司,LIXIL CORP
6268,JT,Nabtesco Corp,NABTESCO CORP
6302,JT,住友重機械工業有限公司,SUMITOMO HEAVY INDUSTRIES
6503,JT,三菱電機,MITSUBISHI ELECTRIC CORP
6504,JT,富士電機有限公司,FUJI ELECTRIC CO LTD
6752,JT,松下控股公司,PANASONIC HOLDINGS CORP
6762,JT,TDK公司,TDK CORP
6861,JT,Keyence Corp,KEYENCE CORP
6963,JT,羅姆有限公司,ROHM CO LTD
6971,JT,京瓷公司,KYOCERA CORP
6981,JT,村田製作所有限公司,MURATA MANUFACTURING CO LTD
7011,JT,三菱重工業,MITSUBISHI HEAVY INDUSTRIES
7012,JT,川崎重工有限公司,KAWASAKI HEAVY INDUSTRIES
7974,JT,任天堂有限公司,NINTENDO CO LTD
8035,JT,東京威力科創有限公司,TOKYO ELECTRON LTD
8136,JT,Sanrio Co Ltd,SANRIO CO LTD
9104,JT,商船三井,MITSUI OSK LINES LTD
9107,JT,川崎汽船,KAWASAKI KISEN KAISHA LTD
9502,JT,中部電力,CHUBU ELECTRIC POWER CO INC
9504,JT,中國電力公司,CHUGOKU ELECTRIC POWER CO
9506,JT,東北電力公司,TOHOKU ELECTRIC POWER CO INC
9508,JT,九州電力公司,KYUSHU ELECTRIC POWER CO INC
9513,JT,電源開發有限公司,ELECTRIC POWER DEVELOPMENT C
3401,JT,帝人股份有限公司,TEIJIN LTD
4902,JT,柯尼卡美能達,KONICA MINOLTA INC
6753,JT,夏普公司,SHARP CORP
6806,JT,HIROSE電機有限公司,HIROSE ELECTRIC CO LTD
7013,JT,IHI 公司,IHI CORP
7261,JT,馬自達汽車公司,MAZDA MOTOR CORP
7752,JT,理光有限公司,RICOH CO LTD
7936,JT,亞瑟士公司,ASICS CORP
9433,JT,KDDI,KDDI CORP
1963,JT,日揮公司,JGC HOLDINGS CORP
8570,JT,AEON Financial Service Co Lt,AEON FINANCIAL SERVICE CO LT
8830,JT,住友不動產有限公司,SUMITOMO REALTY & DEVELOPMEN
6361,JT,荏原製作所,EBARA CORP
7272,JT,山葉發動機有限公司,YAMAHA MOTOR CO LTD
8306,JT,三菱UFJ金融集團公司,MITSUBISHI UFJ FINANCIAL GRO
8304,JT,青空銀行有限公司,AOZORA BANK LTD
8309,JT,三井住友信託集團公司,SUMITOMO MITSUI TRUST GROUP
8316,JT,三井住友金融集團公司,SUMITOMO MITSUI FINANCIAL GR
8411,JT,瑞穗金融集團,MIZUHO FINANCIAL GROUP INC
8952,JT,日本不動產投資公司,JAPAN REAL ESTATE INVESTMENT
3861,JT,王子控股,OJI HOLDINGS CORP
6841,JT,橫河電機公司,YOKOGAWA ELECTRIC CORP
7269,JT,鈴木汽車,SUZUKI MOTOR CORP
3436,JT,勝高公司,SUMCO CORP
6367,JT,大金工業有限公司,DAIKIN INDUSTRIES LTD
6674,JT,GS湯淺公司,GS YUASA CORP
7211,JT,三菱汽車工業,MITSUBISHI MOTORS CORP
9984,JT,軟銀集團公司,SOFTBANK GROUP CORP
3099,JT,三越伊勢丹控股有限公司,ISETAN MITSUKOSHI HOLDINGS L
3402,JT,東麗,TORAY INDUSTRIES INC
4755,JT,樂天公司,RAKUTEN GROUP INC
6273,JT,SMC公司,SMC CORP
6326,JT,久保田,KUBOTA CORP
6465,JT,星崎電機公司,HOSHIZAKI CORP
6479,JT,美蓓亞三美公司,MINEBEA MITSUMI INC
6723,JT,瑞薩電子公司,RENESAS ELECTRONICS CORP
7203,JT,豐田汽車公司,TOYOTA MOTOR CORP
7731,JT,尼康公司,NIKON CORP
8331,JT,千葉銀行有限公司,CHIBA BANK LTD/THE
8801,JT,三井不動產,MITSUI FUDOSAN CO LTD
8802,JT,三菱地所,MITSUBISHI ESTATE CO LTD
5233,JT,太平洋水泥,TAIHEIYO CEMENT CORP
6370,JT,栗田工業有限公司,KURITA WATER INDUSTRIES LTD
6976,JT,太陽誘電,TAIYO YUDEN CO LTD
7186,JT,康科迪亞金融集團有限公司,CONCORDIA FINANCIAL GROUP LT
7201,JT,日產汽車有限公司,NISSAN MOTOR CO LTD
7267,JT,本田汽車,HONDA MOTOR CO LTD
8308,JT,Resona控股公司,RESONA HOLDINGS INC
8951,JT,日本建築基金,NIPPON BUILDING FUND INC
9201,JT,日本航空有限公司,JAPAN AIRLINES CO LTD
2800,HK,香港盈富基金,TRACKER FUND OF HONG KONG-B
2801,HK,iShares 安碩核心MSCI 中國ETF,ISHARES CORE MSCI CHINA -HKD
2822,HK,南方富時中國 A50 ETF,CSOP FTSE CHINA A50 ETF-HKD
2823,HK,iShares 安碩富時A50 中國ETF,ISHARES FTSE CHINA A50 E-HKD
2828,HK,恒生中國企業指數上市基金,HANGSENG CHINA ENT INDEX-HKD
3010,HK,iShares安碩核心MSCI亞洲(日本,ISHARES CORE MSCI AXJ -HKD
3188,HK,華夏滬深300指數ETF,CHINAAMC ETF SERIES - CH-HKD
82822,HK,南方富時中國 A50 ETF,CSOP FTSE CHINA A50 ETF-CNY
82823,HK,iShares 安碩富時A50 中國ETF,ISHARES FTSE CHINA A50 E-CNY
83188,HK,華夏滬深300指數ETF,CHINAAMC ETF SERIES - CH-CNY
778,HK,置富產業信託,FORTUNE REIT
101,HK,恒隆地產有限公司,HANG LUNG PROPERTIES LTD
998,HK,中信銀行股份有限公司,CHINA CITIC BANK CORP LTD-H
788,HK,中國鐵塔股份有限公司,CHINA TOWER CORP LTD-H
762,HK,中國聯合網絡通信（香港）股份,CHINA UNICOM HONG KONG LTD
1313,HK,華潤水泥控股有限公司,CHINA RESOURCES BUILDING MAT
902,HK,華能國際電力股份有限公司,HUANENG POWER INTL INC-H
3311,HK,中國建築國際集團有限公司,CHINA STATE CONSTRUCTION INT
941,HK,中國移動有限公司,CHINA MOBILE LTD
1071,HK,華電國際電力股份有限公司,HUADIAN POWER INTL CORP-H
2202,HK,萬科企業股份有限公司,CHINA VANKE CO LTD-H
2318,HK,中國平安保險（集團）股份有限,PING AN INSURANCE GROUP CO-H
1099,HK,國藥控股股份有限公司,SINOPHARM GROUP CO-H
1928,HK,金沙中國有限公司,SANDS CHINA LTD
2208,HK,金風科技股份有限公司,GOLDWIND SCIENCE&TECHNOLOG-H
2333,HK,長城汽車股份有限公司,GREAT WALL MOTOR CO LTD-H
3328,HK,交通銀行股份有限公司,BANK OF COMMUNICATIONS CO-H
5,HK,匯豐控股有限公司,HSBC HOLDINGS PLC
168,HK,青島啤酒股份有限公司,TSINGTAO BREWERY CO LTD-H
288,HK,萬洲國際有限公司,WH GROUP LTD
323,HK,馬鞍山鋼鐵股份有限公司,MAANSHAN IRON & STEEL-H
728,HK,中國電信股份有限公司,CHINA TELECOM CORP LTD-H
763,HK,中興通訊股份有限公司,ZTE CORP-H
916,HK,龍源電力集團股份有限公司,CHINA LONGYUAN POWER GROUP-H
1088,HK,中國神華能源股份有限公司,CHINA SHENHUA ENERGY CO-H
1958,HK,北京汽車股份有限公司,BAIC MOTOR CORP LTD-H
6881,HK,中國銀河証券股份有限公司,CHINA GALAXY SECURITIES CO-H
285,HK,比亞迪電子（國際）有限公司,BYD ELECTRONIC INTL CO LTD
347,HK,鞍鋼股份有限公司,ANGANG STEEL CO LTD-H
358,HK,江西銅業股份有限公司,JIANGXI COPPER CO LTD-H
670,HK,中國東方航空股份有限公司,CHINA EASTERN AIRLINES CO-H
1211,HK,比亞迪股份有限公司,BYD CO LTD-H
1398,HK,中國工商銀行股份有限公司,IND & COMM BK OF CHINA-H
2009,HK,北京金隅集團股份有限公司,BBMG CORP-H
2196,HK,上海復星醫藥（集團）股份有限,SHANGHAI FOSUN PHARMACEUTI-H
2238,HK,廣州汽車集團股份有限公司,GUANGZHOU AUTOMOBILE GROUP-H
2600,HK,中國鋁業股份有限公司,ALUMINUM CORP OF CHINA LTD-H
2628,HK,中國人壽保險股份有限公司,CHINA LIFE INSURANCE CO-H
2899,HK,紫金礦業集團股份有限公司,ZIJIN MINING GROUP CO LTD-H
3969,HK,中國鐵路通信信號股份有限公司,CHINA RAILWAY SIGNAL & COM-H
3993,HK,洛陽欒川鉬業集團股份有限公司,CMOC GROUP LTD-H
386,HK,中國石油化工股份有限公司,CHINA PETROLEUM & CHEMICAL-H
390,HK,中國中鐵股份有限公司,CHINA RAILWAY GROUP LTD-H
753,HK,中國國際航空股份有限公司,AIR CHINA LTD-H
816,HK,金茂物業服務發展股份有限公司,JINMAO PROPERTY SERVICES CO
857,HK,中國石油天然氣股份有限公司,PETROCHINA CO LTD-H
880,HK,澳門博彩控股有限公司,SJM HOLDINGS LTD
939,HK,中國建設銀行股份有限公司,CHINA CONSTRUCTION BANK-H
991,HK,大唐國際發電股份有限公司,DATANG INTL POWER GEN CO-H
1055,HK,中國南方航空股份有限公司,CHINA SOUTHERN AIRLINES CO-H
1138,HK,中遠海運能源運輸股份有限公司,COSCO SHIPPING ENERGY TRAN-H
1186,HK,中國鐵建股份有限公司,CHINA RAILWAY CONSTRUCTION-H
1288,HK,中國農業銀行股份有限公司,AGRICULTURAL BANK OF CHINA-H
1336,HK,新華人壽保險股份有限公司,NEW CHINA LIFE INSURANCE C-H
1766,HK,中國中車股份有限公司,CRRC CORP LTD - H
1798,HK,中國大唐集團新能源股份有限公,CHINA DATANG CORP RENEWABL-H
1800,HK,中國交通建設股份有限公司,CHINA COMMUNICATIONS CONST-H
1816,HK,中國廣核電力股份有限公司,CGN POWER CO LTD-H
2282,HK,美高梅中國控股有限公司,MGM CHINA HOLDINGS LTD
2601,HK,中國太平洋保險（集團）股份有,CHINA PACIFIC INSURANCE GR-H
2883,HK,中海油田服務股份有限公司,CHINA OILFIELD SERVICES-H
2888,HK,渣打集團有限公司,STANDARD CHARTERED PLC
3606,HK,福耀玻璃工業集團股份有限公司,FUYAO GLASS INDUSTRY GROUP-H
3968,HK,招商銀行股份有限公司,CHINA MERCHANTS BANK-H
3988,HK,中國銀行股份有限公司,BANK OF CHINA LTD-H
6030,HK,中信証券股份有限公司,CITIC SECURITIES CO LTD-H
6837,HK,海通證券股份有限公司,HAITONG SECURITIES CO LTD-H
522,HK,ASMPT Ltd,ASMPT LTD
2777,HK,廣州富力地產股份有限公司,GUANGZHOU R&F PROPERTIES - H
3323,HK,中國建材股份有限公司,CHINA NATIONAL BUILDING MA-H
3888,HK,金山軟件有限公司,KINGSOFT CORP LTD
151,HK,中國旺旺控股有限公司,WANT WANT CHINA HOLDINGS LTD
551,HK,裕元工業（集團）有限公司,YUE YUEN INDUSTRIAL HLDG
700,HK,騰訊控股有限公司,TENCENT HOLDINGS LTD
981,HK,中芯國際集成電路製造有限公司,SEMICONDUCTOR MANUFACTURING
322,HK,康師傅控股有限公司,TINGYI (CAYMAN ISLN) HLDG CO
823,HK,領展房地產投資信託基金,LINK REIT
1093,HK,石藥集團有限公司,CSPC PHARMACEUTICAL GROUP LT
1177,HK,中國生物製藥有限公司,SINO BIOPHARMACEUTICAL
1810,HK,小米集團,XIAOMI CORP-CLASS B
1910,HK,新秀麗集團有限公司,SAMSONITE GROUP SA
178,HK,莎莎國際控股有限公司,SA SA INTERNATIONAL HLDGS
973,HK,L'OCCITANE,L'OCCITANE INTERNATIONAL SA
1317,HK,中國楓葉教育集團有限公司,CHINA MAPLE LEAF EDUCATIONAL
6068,HK,光正教育國際控股有限公司,WISDOM EDUCATION INTERNATION
590,HK,六福集團（國際）有限公司,LUK FOOK HOLDINGS INTL LTD
1929,HK,周大福珠寶集團有限公司,CHOW TAI FOOK JEWELLERY GROU
388,HK,香港交易及結算所有限公司,HONG KONG EXCHANGES & CLEAR
945,HK,宏利金融,MANULIFE FINANCIAL CORP
1128,HK,永利澳門有限公司,WYNN MACAU LTD
1347,HK,華虹半導體有限公司,HUA HONG SEMICONDUCTOR LTD
2018,HK,瑞聲科技控股有限公司,AAC TECHNOLOGIES HOLDINGS IN
11,HK,恒生銀行有限公司,HANG SENG BANK LTD
14,HK,希慎興業有限公司,HYSAN DEVELOPMENT CO
2778,HK,冠君產業信託,CHAMPION REIT
6823,HK,香港電訊－ＳＳ,HKT TRUST AND HKT LTD-SS
2,HK,中電控股有限公司,CLP HOLDINGS LTD
2020,HK,安踏體育用品有限公司,ANTA SPORTS PRODUCTS LTD
2689,HK,玖龍紙業（控股）有限公司,NINE DRAGONS PAPER HOLDINGS
16,HK,新鴻基地產發展有限公司,SUN HUNG KAI PROPERTIES
23,HK,東亞銀行有限公司,BANK OF EAST ASIA LTD
293,HK,國泰航空有限公司,CATHAY PACIFIC AIRWAYS
19,HK,太古股份有限公司,SWIRE PACIFIC LTD - CL A
257,HK,中國光大環境（集團）有限公司,CHINA EVERBRIGHT ENVIRONMENT
1038,HK,長江基建集團有限公司,CK INFRASTRUCTURE HOLDINGS L
1972,HK,太古地產有限公司,SWIRE PROPERTIES LTD
2269,HK,藥明生物技術有限公司,WUXI BIOLOGICS CAYMAN INC
1,HK,長江和記實業有限公司,CK HUTCHISON HOLDINGS LTD
1112,HK,健合（H&H）國際控股有限公司,HEALTH AND HAPPINESS H&H INT
1966,HK,中駿集團控股有限公司,CHINA SCE GROUP HOLDINGS LTD
688,HK,中國海外發展有限公司,CHINA OVERSEAS LAND & INVEST
1044,HK,恒安國際集團有限公司,HENGAN INTL GROUP CO LTD
27,HK,銀河娛樂集團有限公司,GALAXY ENTERTAINMENT GROUP L
83,HK,信和置業有限公司,SINO LAND CO
12,HK,恒基兆業地產有限公司,HENDERSON LAND DEVELOPMENT
175,HK,吉利汽車控股有限公司,GEELY AUTOMOBILE HOLDINGS LT
836,HK,華潤電力控股有限公司,CHINA RESOURCES POWER HOLDIN
1818,HK,招金礦業股份有限公司,ZHAOJIN MINING INDUSTRY - H
2001,HK,中國新高教集團有限公司,CHINA NEW HIGHER EDUCATION G
2331,HK,李寧有限公司,LI NING CO LTD
2313,HK,申洲國際集團控股有限公司,SHENZHOU INTERNATIONAL GROUP
694,HK,北京首都國際機場股份有限公司,BEIJING CAPITAL INTL AIRPO-H
813,HK,世茂集團控股有限公司,SHIMAO GROUP HOLDINGS LTD
1114,HK,華晨中國汽車控股有限公司,BRILLIANCE CHINA AUTOMOTIVE
371,HK,北控水務集團有限公司,BEIJING ENTERPRISES WATER GR
489,HK,東風汽車集團股份有限公司,DONGFENG MOTOR GRP CO LTD-H
1066,HK,山東威高集團醫用高分子製品股,SHANDONG WEIGAO GP MEDICAL-H
1169,HK,海爾電器,HAIER ELECTRONICS GROUP CO
2319,HK,中國蒙牛乳業有限公司,CHINA MENGNIU DAIRY CO
6808,HK,高鑫零售有限公司,SUN ART RETAIL GROUP LTD
200,HK,新濠國際發展有限公司,MELCO INTERNATIONAL DEVELOP.
520,HK,呷哺呷哺餐飲管理（中國）控股,XIABUXIABU CATERING MANAGEME
552,HK,中國通信服務股份有限公司,CHINA COMMUNICATIONS SERVI-H
581,HK,中國東方集團控股有限公司,CHINA ORIENTAL GROUP CO LTD
636,HK,嘉里物流聯網有限公司,KLN LOGISTICS GROUP LTD
1515,HK,華潤醫療控股有限公司,CHINA RESOURCES MEDICAL HOLD
1628,HK,禹洲集團控股有限公司,YUZHOU GROUP HOLDINGS CO LTD
1918,HK,融創中國控股有限公司,SUNAC CHINA HOLDINGS LTD
2388,HK,中銀香港（控股）有限公司,BOC HONG KONG HOLDINGS LTD
3800,HK,協鑫科技控股有限公司,GCL TECHNOLOGY HOLDINGS LTD
1212,HK,利福國際,LIFESTYLE INTL HLDGS LTD
1997,HK,九龍倉置業地產投資有限公司,WHARF REAL ESTATE INVESTMENT
669,HK,創科實業有限公司,TECHTRONIC INDUSTRIES CO LTD
2038,HK,富智康集團有限公司,FIH MOBILE LTD
1316,HK,耐世特汽車系統集團有限公司,NEXTEER AUTOMOTIVE GROUP LTD
839,HK,中國教育集團控股有限公司,CHINA EDUCATION GROUP HOLDIN
883,HK,中國海洋石油有限公司,CNOOC LTD
2328,HK,中國人民財產保險股份有限公司,PICC PROPERTY & CASUALTY-H
6,HK,電能實業有限公司,POWER ASSETS HOLDINGS LTD
87001,HK,匯賢產業信託,HUI XIAN REIT
2638,HK,港燈－ＳＳ,HK ELECTRIC INVESTMENTS -SS
2383,HK,TOM集團有限公司,TOM GROUP LTD
4,HK,九龍倉集團有限公司,WHARF HOLDINGS LTD
20,HK,商湯集團股份有限公司,SENSETIME GROUP INC-CLASS B
772,HK,閱文集團,CHINA LITERATURE LTD
2314,HK,理文造紙有限公司,LEE & MAN PAPER MANUFACTURIN
2382,HK,舜宇光學科技（集團）有限公司,SUNNY OPTICAL TECH
2386,HK,中石化煉化工程（集團）股份有,SINOPEC ENGINEERING GROUP-H
2588,HK,中銀航空租賃有限公司,BOC AVIATION LTD
1109,HK,華潤置地有限公司,CHINA RESOURCES LAND LTD
69,HK,香格里拉（亞洲）有限公司,SHANGRI-LA ASIA LTD
425,HK,敏實集團有限公司,MINTH GROUP LTD
3377,HK,遠洋集團控股有限公司,SINO-OCEAN GROUP HOLDING LTD
3383,HK,雅居樂集團控股有限公司,AGILE GROUP HOLDINGS LTD
1193,HK,華潤燃氣控股有限公司,CHINA RESOURCES GAS GROUP LT
1299,HK,友邦保險控股有限公司,AIA GROUP LTD
2007,HK,碧桂園控股有限公司,COUNTRY GARDEN HOLDINGS CO
3900,HK,綠城中國控股有限公司,GREENTOWN CHINA HOLDINGS
960,HK,龍湖集團控股有限公司,LONGFOR GROUP HOLDINGS LTD
817,HK,中國金茂控股集團有限公司,CHINA JINMAO HOLDINGS GROUP
1813,HK,合景泰富集團控股有限公司,KWG GROUP HOLDINGS LTD
1113,HK,長江實業集團有限公司,CK ASSET HOLDINGS LTD
1913,HK,普拉達,PRADA S.P.A.
220,HK,統一企業中國控股有限公司,UNI-PRESIDENT CHINA HOLDINGS
9988,HK,阿里巴巴集團控股有限公司,ALIBABA GROUP HOLDING LTD
2359,HK,無錫藥明康德新藥開發股份有限,WUXI APPTEC CO LTD-H
1833,HK,平安健康醫療科技有限公司,PING AN HEALTHCARE AND TECHN
914,HK,安徽海螺水泥股份有限公司,ANHUI CONCH CEMENT CO LTD-H
3690,HK,美團,MEITUAN-CLASS B
9618,HK,京東集團股份有限公司,JD.COM INC-CLASS A
9999,HK,網易股份有限公司,NETEASE INC
291,HK,華潤啤酒（控股）有限公司,CHINA RESOURCES BEER HOLDING